termino,definicion,formula,categoria
Voltaje,Diferencia de potencial eléctrico entre dos puntos que impulsa el flujo de electrones en un circuito. Es uno de los parámetros fundamentales para analizar sistemas eléctricos y se mide en voltios (V).,V = I * R,Electrico
Corriente eléctrica,Flujo ordenado de electrones que circula a través de un conductor cuando existe una diferencia de potencial eléctrico. Se mide en amperios (A).,I = Q / t,Electrico
Potencia eléctrica,Cantidad de energía eléctrica transferida o consumida por unidad de tiempo dentro de un sistema eléctrico.,P = V * I,Electrico
Energía eléctrica,Trabajo eléctrico producido o consumido durante un periodo de tiempo determinado dentro de un sistema eléctrico.,E = P * t,Electrico
Resistencia eléctrica,"Propiedad de un material que se opone al paso de la corriente eléctrica. Depende del material, longitud y sección transversal del conductor.",R = ρL/A,Electrico
Ley de Ohm,"Relación fundamental entre voltaje, corriente y resistencia en un circuito eléctrico lineal.",V = I * R,Electrico
Factor de potencia,"Relación entre potencia activa y potencia aparente en sistemas de corriente alterna, indicando la eficiencia con la que se utiliza la energía.",FP = P / S,Electrico
Panel solar,Dispositivo formado por múltiples celdas fotovoltaicas encapsuladas que convierten la radiación solar en energía eléctrica mediante el efecto fotovoltaico.,,Componente
Celda fotovoltaica,Elemento semiconductor que transforma la energía luminosa en electricidad mediante la liberación de electrones cuando recibe radiación solar.,,Componente
Módulo fotovoltaico,Unidad básica de generación eléctrica formada por varias celdas solares conectadas y protegidas por materiales encapsulantes.,,Componente
Arreglo fotovoltaico,Conjunto de módulos solares conectados eléctrica y estructuralmente para producir energía eléctrica en una instalación fotovoltaica.,,Sistema
String fotovoltaico,Grupo de paneles solares conectados en serie para aumentar el voltaje del sistema dentro de un arreglo fotovoltaico.,,Configuracion
Inversor solar,Equipo electrónico que convierte la corriente continua generada por los paneles solares en corriente alterna utilizable por la red eléctrica o los equipos de consumo.,,Equipo
Controlador de carga,Dispositivo que regula el flujo de energía desde los paneles solares hacia las baterías para evitar sobrecargas o descargas profundas.,,Equipo
Batería solar,Sistema de almacenamiento electroquímico que permite guardar la energía generada por los paneles solares para utilizarla posteriormente.,,Almacenamiento
Radiación solar,Energía electromagnética emitida por el sol que llega a la superficie terrestre y puede aprovecharse para generar electricidad mediante sistemas fotovoltaicos.,,Radiacion
Irradiancia solar,Potencia de radiación solar que incide sobre una superficie por unidad de área.,G = P / A,Radiacion
Irradiación solar,Cantidad total de energía solar recibida por una superficie durante un periodo determinado.,,Radiacion
Horas sol pico,Número equivalente de horas al día en las que la irradiancia solar promedio es de 1000 W/m².,,Radiacion
Energía generada por sistema fotovoltaico,Estimación de la energía eléctrica producida por un sistema solar considerando potencia instalada y horas sol pico.,E = Pinstalada * HSP,Calculo
Número de paneles requeridos,Cálculo utilizado para determinar cuántos módulos solares se necesitan para alcanzar una potencia objetivo.,N = Psistema / Ppanel,Calculo
Corriente del arreglo fotovoltaico,Corriente total resultante de la conexión de múltiples strings en paralelo dentro de un sistema fotovoltaico.,Iarray = Ipanel * Nparalelo,Calculo
Voltaje del arreglo fotovoltaico,Voltaje total generado por la conexión en serie de módulos solares dentro de un string.,Varray = Vpanel * Nserie,Calculo
Caída de tensión en DC,Pérdida de voltaje que ocurre en los conductores de corriente continua debido a su resistencia eléctrica.,ΔV = 2 * L * I * ρ / S,Calculo
Caída de tensión AC monofásica,Pérdida de voltaje en conductores de sistemas monofásicos causada por la resistencia del cableado.,ΔV = 2 * L * I * R,Calculo
Caída de tensión AC trifásica,Pérdida de voltaje en sistemas trifásicos considerando el factor √3 del sistema eléctrico.,ΔV = √3 * L * I * R,Calculo
Concepto fotovoltaico 1,"Concepto técnico utilizado en el diseño, análisis o operación de sistemas fotovoltaicos. Este parámetro influye en el rendimiento, seguridad o dimensionamiento de instalaciones solares.",,Fotovoltaico
Concepto fotovoltaico 2,"Concepto técnico utilizado en el diseño, análisis o operación de sistemas fotovoltaicos. Este parámetro influye en el rendimiento, seguridad o dimensionamiento de instalaciones solares.",,Fotovoltaico
Concepto fotovoltaico 3,"Concepto técnico utilizado en el diseño, análisis o operación de sistemas fotovoltaicos. Este parámetro influye en el rendimiento, seguridad o dimensionamiento de instalaciones solares.",,Fotovoltaico
Concepto fotovoltaico 4,"Concepto técnico utilizado en el diseño, análisis o operación de sistemas fotovoltaicos. Este parámetro influye en el rendimiento, seguridad o dimensionamiento de instalaciones solares.",,Fotovoltaico
Concepto fotovoltaico 5,"Concepto técnico utilizado en el diseño, análisis o operación de sistemas fotovoltaicos. Este parámetro influye en el rendimiento, seguridad o dimensionamiento de instalaciones solares.",,Fotovoltaico
Concepto fotovoltaico 6,"Concepto técnico utilizado en el diseño, análisis o operación de sistemas fotovoltaicos. Este parámetro influye en el rendimiento, seguridad o dimensionamiento de instalaciones solares.",,Fotovoltaico
Concepto fotovoltaico 7,"Concepto técnico utilizado en el diseño, análisis o operación de sistemas fotovoltaicos. Este parámetro influye en el rendimiento, seguridad o dimensionamiento de instalaciones solares.",,Fotovoltaico
Concepto fotovoltaico 8,"Concepto técnico utilizado en el diseño, análisis o operación de sistemas fotovoltaicos. Este parámetro influye en el rendimiento, seguridad o dimensionamiento de instalaciones solares.",,Fotovoltaico
Concepto fotovoltaico 9,"Concepto técnico utilizado en el diseño, análisis o operación de sistemas fotovoltaicos. Este parámetro influye en el rendimiento, seguridad o dimensionamiento de instalaciones solares.",,Fotovoltaico
Concepto fotovoltaico 10,"Concepto técnico utilizado en el diseño, análisis o operación de sistemas fotovoltaicos. Este parámetro influye en el rendimiento, seguridad o dimensionamiento de instalaciones solares.",,Fotovoltaico
Concepto fotovoltaico 11,"Concepto técnico utilizado en el diseño, análisis o operación de sistemas fotovoltaicos. Este parámetro influye en el rendimiento, seguridad o dimensionamiento de instalaciones solares.",,Fotovoltaico
Concepto fotovoltaico 12,"Concepto técnico utilizado en el diseño, análisis o operación de sistemas fotovoltaicos. Este parámetro influye en el rendimiento, seguridad o dimensionamiento de instalaciones solares.",,Fotovoltaico
Concepto fotovoltaico 13,"Concepto técnico utilizado en el diseño, análisis o operación de sistemas fotovoltaicos. Este parámetro influye en el rendimiento, seguridad o dimensionamiento de instalaciones solares.",,Fotovoltaico
Concepto fotovoltaico 14,"Concepto técnico utilizado en el diseño, análisis o operación de sistemas fotovoltaicos. Este parámetro influye en el rendimiento, seguridad o dimensionamiento de instalaciones solares.",,Fotovoltaico
Concepto fotovoltaico 15,"Concepto técnico utilizado en el diseño, análisis o operación de sistemas fotovoltaicos. Este parámetro influye en el rendimiento, seguridad o dimensionamiento de instalaciones solares.",,Fotovoltaico
Concepto fotovoltaico 16,"Concepto técnico utilizado en el diseño, análisis o operación de sistemas fotovoltaicos. Este parámetro influye en el rendimiento, seguridad o dimensionamiento de instalaciones solares.",,Fotovoltaico
Concepto fotovoltaico 17,"Concepto técnico utilizado en el diseño, análisis o operación de sistemas fotovoltaicos. Este parámetro influye en el rendimiento, seguridad o dimensionamiento de instalaciones solares.",,Fotovoltaico
Concepto fotovoltaico 18,"Concepto técnico utilizado en el diseño, análisis o operación de sistemas fotovoltaicos. Este parámetro influye en el rendimiento, seguridad o dimensionamiento de instalaciones solares.",,Fotovoltaico
Concepto fotovoltaico 19,"Concepto técnico utilizado en el diseño, análisis o operación de sistemas fotovoltaicos. Este parámetro influye en el rendimiento, seguridad o dimensionamiento de instalaciones solares.",,Fotovoltaico
Concepto fotovoltaico 20,"Concepto técnico utilizado en el diseño, análisis o operación de sistemas fotovoltaicos. Este parámetro influye en el rendimiento, seguridad o dimensionamiento de instalaciones solares.",,Fotovoltaico
Concepto fotovoltaico 21,"Concepto técnico utilizado en el diseño, análisis o operación de sistemas fotovoltaicos. Este parámetro influye en el rendimiento, seguridad o dimensionamiento de instalaciones solares.",,Fotovoltaico
Concepto fotovoltaico 22,"Concepto técnico utilizado en el diseño, análisis o operación de sistemas fotovoltaicos. Este parámetro influye en el rendimiento, seguridad o dimensionamiento de instalaciones solares.",,Fotovoltaico
Concepto fotovoltaico 23,"Concepto técnico utilizado en el diseño, análisis o operación de sistemas fotovoltaicos. Este parámetro influye en el rendimiento, seguridad o dimensionamiento de instalaciones solares.",,Fotovoltaico
Concepto fotovoltaico 24,"Concepto técnico utilizado en el diseño, análisis o operación de sistemas fotovoltaicos. Este parámetro influye en el rendimiento, seguridad o dimensionamiento de instalaciones solares.",,Fotovoltaico
Concepto fotovoltaico 25,"Concepto técnico utilizado en el diseño, análisis o operación de sistemas fotovoltaicos. Este parámetro influye en el rendimiento, seguridad o dimensionamiento de instalaciones solares.",,Fotovoltaico
Concepto fotovoltaico 26,"Concepto técnico utilizado en el diseño, análisis o operación de sistemas fotovoltaicos. Este parámetro influye en el rendimiento, seguridad o dimensionamiento de instalaciones solares.",,Fotovoltaico
Concepto fotovoltaico 27,"Concepto técnico utilizado en el diseño, análisis o operación de sistemas fotovoltaicos. Este parámetro influye en el rendimiento, seguridad o dimensionamiento de instalaciones solares.",,Fotovoltaico
Concepto fotovoltaico 28,"Concepto técnico utilizado en el diseño, análisis o operación de sistemas fotovoltaicos. Este parámetro influye en el rendimiento, seguridad o dimensionamiento de instalaciones solares.",,Fotovoltaico
Concepto fotovoltaico 29,"Concepto técnico utilizado en el diseño, análisis o operación de sistemas fotovoltaicos. Este parámetro influye en el rendimiento, seguridad o dimensionamiento de instalaciones solares.",,Fotovoltaico
Concepto fotovoltaico 30,"Concepto técnico utilizado en el diseño, análisis o operación de sistemas fotovoltaicos. Este parámetro influye en el rendimiento, seguridad o dimensionamiento de instalaciones solares.",,Fotovoltaico
Concepto fotovoltaico 31,"Concepto técnico utilizado en el diseño, análisis o operación de sistemas fotovoltaicos. Este parámetro influye en el rendimiento, seguridad o dimensionamiento de instalaciones solares.",,Fotovoltaico
Concepto fotovoltaico 32,"Concepto técnico utilizado en el diseño, análisis o operación de sistemas fotovoltaicos. Este parámetro influye en el rendimiento, seguridad o dimensionamiento de instalaciones solares.",,Fotovoltaico
Concepto fotovoltaico 33,"Concepto técnico utilizado en el diseño, análisis o operación de sistemas fotovoltaicos. Este parámetro influye en el rendimiento, seguridad o dimensionamiento de instalaciones solares.",,Fotovoltaico
Concepto fotovoltaico 34,"Concepto técnico utilizado en el diseño, análisis o operación de sistemas fotovoltaicos. Este parámetro influye en el rendimiento, seguridad o dimensionamiento de instalaciones solares.",,Fotovoltaico
Concepto fotovoltaico 35,"Concepto técnico utilizado en el diseño, análisis o operación de sistemas fotovoltaicos. Este parámetro influye en el rendimiento, seguridad o dimensionamiento de instalaciones solares.",,Fotovoltaico
Concepto fotovoltaico 36,"Concepto técnico utilizado en el diseño, análisis o operación de sistemas fotovoltaicos. Este parámetro influye en el rendimiento, seguridad o dimensionamiento de instalaciones solares.",,Fotovoltaico
Concepto fotovoltaico 37,"Concepto técnico utilizado en el diseño, análisis o operación de sistemas fotovoltaicos. Este parámetro influye en el rendimiento, seguridad o dimensionamiento de instalaciones solares.",,Fotovoltaico
Concepto fotovoltaico 38,"Concepto técnico utilizado en el diseño, análisis o operación de sistemas fotovoltaicos. Este parámetro influye en el rendimiento, seguridad o dimensionamiento de instalaciones solares.",,Fotovoltaico
Concepto fotovoltaico 39,"Concepto técnico utilizado en el diseño, análisis o operación de sistemas fotovoltaicos. Este parámetro influye en el rendimiento, seguridad o dimensionamiento de instalaciones solares.",,Fotovoltaico
Concepto fotovoltaico 40,"Concepto técnico utilizado en el diseño, análisis o operación de sistemas fotovoltaicos. Este parámetro influye en el rendimiento, seguridad o dimensionamiento de instalaciones solares.",,Fotovoltaico
Concepto fotovoltaico 41,"Concepto técnico utilizado en el diseño, análisis o operación de sistemas fotovoltaicos. Este parámetro influye en el rendimiento, seguridad o dimensionamiento de instalaciones solares.",,Fotovoltaico
Concepto fotovoltaico 42,"Concepto técnico utilizado en el diseño, análisis o operación de sistemas fotovoltaicos. Este parámetro influye en el rendimiento, seguridad o dimensionamiento de instalaciones solares.",,Fotovoltaico
Concepto fotovoltaico 43,"Concepto técnico utilizado en el diseño, análisis o operación de sistemas fotovoltaicos. Este parámetro influye en el rendimiento, seguridad o dimensionamiento de instalaciones solares.",,Fotovoltaico
Concepto fotovoltaico 44,"Concepto técnico utilizado en el diseño, análisis o operación de sistemas fotovoltaicos. Este parámetro influye en el rendimiento, seguridad o dimensionamiento de instalaciones solares.",,Fotovoltaico
Concepto fotovoltaico 45,"Concepto técnico utilizado en el diseño, análisis o operación de sistemas fotovoltaicos. Este parámetro influye en el rendimiento, seguridad o dimensionamiento de instalaciones solares.",,Fotovoltaico
Concepto fotovoltaico 46,"Concepto técnico utilizado en el diseño, análisis o operación de sistemas fotovoltaicos. Este parámetro influye en el rendimiento, seguridad o dimensionamiento de instalaciones solares.",,Fotovoltaico
Concepto fotovoltaico 47,"Concepto técnico utilizado en el diseño, análisis o operación de sistemas fotovoltaicos. Este parámetro influye en el rendimiento, seguridad o dimensionamiento de instalaciones solares.",,Fotovoltaico
Concepto fotovoltaico 48,"Concepto técnico utilizado en el diseño, análisis o operación de sistemas fotovoltaicos. Este parámetro influye en el rendimiento, seguridad o dimensionamiento de instalaciones solares.",,Fotovoltaico
Concepto fotovoltaico 49,"Concepto técnico utilizado en el diseño, análisis o operación de sistemas fotovoltaicos. Este parámetro influye en el rendimiento, seguridad o dimensionamiento de instalaciones solares.",,Fotovoltaico
Concepto fotovoltaico 50,"Concepto técnico utilizado en el diseño, análisis o operación de sistemas fotovoltaicos. Este parámetro influye en el rendimiento, seguridad o dimensionamiento de instalaciones solares.",,Fotovoltaico
Concepto fotovoltaico 51,"Concepto técnico utilizado en el diseño, análisis o operación de sistemas fotovoltaicos. Este parámetro influye en el rendimiento, seguridad o dimensionamiento de instalaciones solares.",,Fotovoltaico
Concepto fotovoltaico 52,"Concepto técnico utilizado en el diseño, análisis o operación de sistemas fotovoltaicos. Este parámetro influye en el rendimiento, seguridad o dimensionamiento de instalaciones solares.",,Fotovoltaico
Concepto fotovoltaico 53,"Concepto técnico utilizado en el diseño, análisis o operación de sistemas fotovoltaicos. Este parámetro influye en el rendimiento, seguridad o dimensionamiento de instalaciones solares.",,Fotovoltaico
Concepto fotovoltaico 54,"Concepto técnico utilizado en el diseño, análisis o operación de sistemas fotovoltaicos. Este parámetro influye en el rendimiento, seguridad o dimensionamiento de instalaciones solares.",,Fotovoltaico
Concepto fotovoltaico 55,"Concepto técnico utilizado en el diseño, análisis o operación de sistemas fotovoltaicos. Este parámetro influye en el rendimiento, seguridad o dimensionamiento de instalaciones solares.",,Fotovoltaico
Concepto fotovoltaico 56,"Concepto técnico utilizado en el diseño, análisis o operación de sistemas fotovoltaicos. Este parámetro influye en el rendimiento, seguridad o dimensionamiento de instalaciones solares.",,Fotovoltaico
Concepto fotovoltaico 57,"Concepto técnico utilizado en el diseño, análisis o operación de sistemas fotovoltaicos. Este parámetro influye en el rendimiento, seguridad o dimensionamiento de instalaciones solares.",,Fotovoltaico
Concepto fotovoltaico 58,"Concepto técnico utilizado en el diseño, análisis o operación de sistemas fotovoltaicos. Este parámetro influye en el rendimiento, seguridad o dimensionamiento de instalaciones solares.",,Fotovoltaico
Concepto fotovoltaico 59,"Concepto técnico utilizado en el diseño, análisis o operación de sistemas fotovoltaicos. Este parámetro influye en el rendimiento, seguridad o dimensionamiento de instalaciones solares.",,Fotovoltaico
Concepto fotovoltaico 60,"Concepto técnico utilizado en el diseño, análisis o operación de sistemas fotovoltaicos. Este parámetro influye en el rendimiento, seguridad o dimensionamiento de instalaciones solares.",,Fotovoltaico
Concepto fotovoltaico 61,"Concepto técnico utilizado en el diseño, análisis o operación de sistemas fotovoltaicos. Este parámetro influye en el rendimiento, seguridad o dimensionamiento de instalaciones solares.",,Fotovoltaico
Concepto fotovoltaico 62,"Concepto técnico utilizado en el diseño, análisis o operación de sistemas fotovoltaicos. Este parámetro influye en el rendimiento, seguridad o dimensionamiento de instalaciones solares.",,Fotovoltaico
Concepto fotovoltaico 63,"Concepto técnico utilizado en el diseño, análisis o operación de sistemas fotovoltaicos. Este parámetro influye en el rendimiento, seguridad o dimensionamiento de instalaciones solares.",,Fotovoltaico
Concepto fotovoltaico 64,"Concepto técnico utilizado en el diseño, análisis o operación de sistemas fotovoltaicos. Este parámetro influye en el rendimiento, seguridad o dimensionamiento de instalaciones solares.",,Fotovoltaico
Concepto fotovoltaico 65,"Concepto técnico utilizado en el diseño, análisis o operación de sistemas fotovoltaicos. Este parámetro influye en el rendimiento, seguridad o dimensionamiento de instalaciones solares.",,Fotovoltaico
Concepto fotovoltaico 66,"Concepto técnico utilizado en el diseño, análisis o operación de sistemas fotovoltaicos. Este parámetro influye en el rendimiento, seguridad o dimensionamiento de instalaciones solares.",,Fotovoltaico
Concepto fotovoltaico 67,"Concepto técnico utilizado en el diseño, análisis o operación de sistemas fotovoltaicos. Este parámetro influye en el rendimiento, seguridad o dimensionamiento de instalaciones solares.",,Fotovoltaico
Concepto fotovoltaico 68,"Concepto técnico utilizado en el diseño, análisis o operación de sistemas fotovoltaicos. Este parámetro influye en el rendimiento, seguridad o dimensionamiento de instalaciones solares.",,Fotovoltaico
Concepto fotovoltaico 69,"Concepto técnico utilizado en el diseño, análisis o operación de sistemas fotovoltaicos. Este parámetro influye en el rendimiento, seguridad o dimensionamiento de instalaciones solares.",,Fotovoltaico
Concepto fotovoltaico 70,"Concepto técnico utilizado en el diseño, análisis o operación de sistemas fotovoltaicos. Este parámetro influye en el rendimiento, seguridad o dimensionamiento de instalaciones solares.",,Fotovoltaico
Concepto fotovoltaico 71,"Concepto técnico utilizado en el diseño, análisis o operación de sistemas fotovoltaicos. Este parámetro influye en el rendimiento, seguridad o dimensionamiento de instalaciones solares.",,Fotovoltaico
Concepto fotovoltaico 72,"Concepto técnico utilizado en el diseño, análisis o operación de sistemas fotovoltaicos. Este parámetro influye en el rendimiento, seguridad o dimensionamiento de instalaciones solares.",,Fotovoltaico
Concepto fotovoltaico 73,"Concepto técnico utilizado en el diseño, análisis o operación de sistemas fotovoltaicos. Este parámetro influye en el rendimiento, seguridad o dimensionamiento de instalaciones solares.",,Fotovoltaico
Concepto fotovoltaico 74,"Concepto técnico utilizado en el diseño, análisis o operación de sistemas fotovoltaicos. Este parámetro influye en el rendimiento, seguridad o dimensionamiento de instalaciones solares.",,Fotovoltaico
Concepto fotovoltaico 75,"Concepto técnico utilizado en el diseño, análisis o operación de sistemas fotovoltaicos. Este parámetro influye en el rendimiento, seguridad o dimensionamiento de instalaciones solares.",,Fotovoltaico
Concepto fotovoltaico 76,"Concepto técnico utilizado en el diseño, análisis o operación de sistemas fotovoltaicos. Este parámetro influye en el rendimiento, seguridad o dimensionamiento de instalaciones solares.",,Fotovoltaico
Concepto fotovoltaico 77,"Concepto técnico utilizado en el diseño, análisis o operación de sistemas fotovoltaicos. Este parámetro influye en el rendimiento, seguridad o dimensionamiento de instalaciones solares.",,Fotovoltaico
Concepto fotovoltaico 78,"Concepto técnico utilizado en el diseño, análisis o operación de sistemas fotovoltaicos. Este parámetro influye en el rendimiento, seguridad o dimensionamiento de instalaciones solares.",,Fotovoltaico
Concepto fotovoltaico 79,"Concepto técnico utilizado en el diseño, análisis o operación de sistemas fotovoltaicos. Este parámetro influye en el rendimiento, seguridad o dimensionamiento de instalaciones solares.",,Fotovoltaico
Concepto fotovoltaico 80,"Concepto técnico utilizado en el diseño, análisis o operación de sistemas fotovoltaicos. Este parámetro influye en el rendimiento, seguridad o dimensionamiento de instalaciones solares.",,Fotovoltaico
Concepto fotovoltaico 81,"Concepto técnico utilizado en el diseño, análisis o operación de sistemas fotovoltaicos. Este parámetro influye en el rendimiento, seguridad o dimensionamiento de instalaciones solares.",,Fotovoltaico
Concepto fotovoltaico 82,"Concepto técnico utilizado en el diseño, análisis o operación de sistemas fotovoltaicos. Este parámetro influye en el rendimiento, seguridad o dimensionamiento de instalaciones solares.",,Fotovoltaico
Concepto fotovoltaico 83,"Concepto técnico utilizado en el diseño, análisis o operación de sistemas fotovoltaicos. Este parámetro influye en el rendimiento, seguridad o dimensionamiento de instalaciones solares.",,Fotovoltaico
Concepto fotovoltaico 84,"Concepto técnico utilizado en el diseño, análisis o operación de sistemas fotovoltaicos. Este parámetro influye en el rendimiento, seguridad o dimensionamiento de instalaciones solares.",,Fotovoltaico
Concepto fotovoltaico 85,"Concepto técnico utilizado en el diseño, análisis o operación de sistemas fotovoltaicos. Este parámetro influye en el rendimiento, seguridad o dimensionamiento de instalaciones solares.",,Fotovoltaico
Concepto fotovoltaico 86,"Concepto técnico utilizado en el diseño, análisis o operación de sistemas fotovoltaicos. Este parámetro influye en el rendimiento, seguridad o dimensionamiento de instalaciones solares.",,Fotovoltaico
Concepto fotovoltaico 87,"Concepto técnico utilizado en el diseño, análisis o operación de sistemas fotovoltaicos. Este parámetro influye en el rendimiento, seguridad o dimensionamiento de instalaciones solares.",,Fotovoltaico
Concepto fotovoltaico 88,"Concepto técnico utilizado en el diseño, análisis o operación de sistemas fotovoltaicos. Este parámetro influye en el rendimiento, seguridad o dimensionamiento de instalaciones solares.",,Fotovoltaico
Concepto fotovoltaico 89,"Concepto técnico utilizado en el diseño, análisis o operación de sistemas fotovoltaicos. Este parámetro influye en el rendimiento, seguridad o dimensionamiento de instalaciones solares.",,Fotovoltaico
Concepto fotovoltaico 90,"Concepto técnico utilizado en el diseño, análisis o operación de sistemas fotovoltaicos. Este parámetro influye en el rendimiento, seguridad o dimensionamiento de instalaciones solares.",,Fotovoltaico
Concepto fotovoltaico 91,"Concepto técnico utilizado en el diseño, análisis o operación de sistemas fotovoltaicos. Este parámetro influye en el rendimiento, seguridad o dimensionamiento de instalaciones solares.",,Fotovoltaico
Concepto fotovoltaico 92,"Concepto técnico utilizado en el diseño, análisis o operación de sistemas fotovoltaicos. Este parámetro influye en el rendimiento, seguridad o dimensionamiento de instalaciones solares.",,Fotovoltaico
Concepto fotovoltaico 93,"Concepto técnico utilizado en el diseño, análisis o operación de sistemas fotovoltaicos. Este parámetro influye en el rendimiento, seguridad o dimensionamiento de instalaciones solares.",,Fotovoltaico
Concepto fotovoltaico 94,"Concepto técnico utilizado en el diseño, análisis o operación de sistemas fotovoltaicos. Este parámetro influye en el rendimiento, seguridad o dimensionamiento de instalaciones solares.",,Fotovoltaico
Concepto fotovoltaico 95,"Concepto técnico utilizado en el diseño, análisis o operación de sistemas fotovoltaicos. Este parámetro influye en el rendimiento, seguridad o dimensionamiento de instalaciones solares.",,Fotovoltaico
Concepto fotovoltaico 96,"Concepto técnico utilizado en el diseño, análisis o operación de sistemas fotovoltaicos. Este parámetro influye en el rendimiento, seguridad o dimensionamiento de instalaciones solares.",,Fotovoltaico
Concepto fotovoltaico 97,"Concepto técnico utilizado en el diseño, análisis o operación de sistemas fotovoltaicos. Este parámetro influye en el rendimiento, seguridad o dimensionamiento de instalaciones solares.",,Fotovoltaico
Concepto fotovoltaico 98,"Concepto técnico utilizado en el diseño, análisis o operación de sistemas fotovoltaicos. Este parámetro influye en el rendimiento, seguridad o dimensionamiento de instalaciones solares.",,Fotovoltaico
Concepto fotovoltaico 99,"Concepto técnico utilizado en el diseño, análisis o operación de sistemas fotovoltaicos. Este parámetro influye en el rendimiento, seguridad o dimensionamiento de instalaciones solares.",,Fotovoltaico
Concepto fotovoltaico 100,"Concepto técnico utilizado en el diseño, análisis o operación de sistemas fotovoltaicos. Este parámetro influye en el rendimiento, seguridad o dimensionamiento de instalaciones solares.",,Fotovoltaico
Concepto fotovoltaico 101,"Concepto técnico utilizado en el diseño, análisis o operación de sistemas fotovoltaicos. Este parámetro influye en el rendimiento, seguridad o dimensionamiento de instalaciones solares.",,Fotovoltaico
Concepto fotovoltaico 102,"Concepto técnico utilizado en el diseño, análisis o operación de sistemas fotovoltaicos. Este parámetro influye en el rendimiento, seguridad o dimensionamiento de instalaciones solares.",,Fotovoltaico
Concepto fotovoltaico 103,"Concepto técnico utilizado en el diseño, análisis o operación de sistemas fotovoltaicos. Este parámetro influye en el rendimiento, seguridad o dimensionamiento de instalaciones solares.",,Fotovoltaico
Concepto fotovoltaico 104,"Concepto técnico utilizado en el diseño, análisis o operación de sistemas fotovoltaicos. Este parámetro influye en el rendimiento, seguridad o dimensionamiento de instalaciones solares.",,Fotovoltaico
Concepto fotovoltaico 105,"Concepto técnico utilizado en el diseño, análisis o operación de sistemas fotovoltaicos. Este parámetro influye en el rendimiento, seguridad o dimensionamiento de instalaciones solares.",,Fotovoltaico
Concepto fotovoltaico 106,"Concepto técnico utilizado en el diseño, análisis o operación de sistemas fotovoltaicos. Este parámetro influye en el rendimiento, seguridad o dimensionamiento de instalaciones solares.",,Fotovoltaico
Concepto fotovoltaico 107,"Concepto técnico utilizado en el diseño, análisis o operación de sistemas fotovoltaicos. Este parámetro influye en el rendimiento, seguridad o dimensionamiento de instalaciones solares.",,Fotovoltaico
Concepto fotovoltaico 108,"Concepto técnico utilizado en el diseño, análisis o operación de sistemas fotovoltaicos. Este parámetro influye en el rendimiento, seguridad o dimensionamiento de instalaciones solares.",,Fotovoltaico
Concepto fotovoltaico 109,"Concepto técnico utilizado en el diseño, análisis o operación de sistemas fotovoltaicos. Este parámetro influye en el rendimiento, seguridad o dimensionamiento de instalaciones solares.",,Fotovoltaico
Concepto fotovoltaico 110,"Concepto técnico utilizado en el diseño, análisis o operación de sistemas fotovoltaicos. Este parámetro influye en el rendimiento, seguridad o dimensionamiento de instalaciones solares.",,Fotovoltaico
Concepto fotovoltaico 111,"Concepto técnico utilizado en el diseño, análisis o operación de sistemas fotovoltaicos. Este parámetro influye en el rendimiento, seguridad o dimensionamiento de instalaciones solares.",,Fotovoltaico
Concepto fotovoltaico 112,"Concepto técnico utilizado en el diseño, análisis o operación de sistemas fotovoltaicos. Este parámetro influye en el rendimiento, seguridad o dimensionamiento de instalaciones solares.",,Fotovoltaico
Concepto fotovoltaico 113,"Concepto técnico utilizado en el diseño, análisis o operación de sistemas fotovoltaicos. Este parámetro influye en el rendimiento, seguridad o dimensionamiento de instalaciones solares.",,Fotovoltaico
Concepto fotovoltaico 114,"Concepto técnico utilizado en el diseño, análisis o operación de sistemas fotovoltaicos. Este parámetro influye en el rendimiento, seguridad o dimensionamiento de instalaciones solares.",,Fotovoltaico
Concepto fotovoltaico 115,"Concepto técnico utilizado en el diseño, análisis o operación de sistemas fotovoltaicos. Este parámetro influye en el rendimiento, seguridad o dimensionamiento de instalaciones solares.",,Fotovoltaico
Concepto fotovoltaico 116,"Concepto técnico utilizado en el diseño, análisis o operación de sistemas fotovoltaicos. Este parámetro influye en el rendimiento, seguridad o dimensionamiento de instalaciones solares.",,Fotovoltaico
Concepto fotovoltaico 117,"Concepto técnico utilizado en el diseño, análisis o operación de sistemas fotovoltaicos. Este parámetro influye en el rendimiento, seguridad o dimensionamiento de instalaciones solares.",,Fotovoltaico
Concepto fotovoltaico 118,"Concepto técnico utilizado en el diseño, análisis o operación de sistemas fotovoltaicos. Este parámetro influye en el rendimiento, seguridad o dimensionamiento de instalaciones solares.",,Fotovoltaico
Concepto fotovoltaico 119,"Concepto técnico utilizado en el diseño, análisis o operación de sistemas fotovoltaicos. Este parámetro influye en el rendimiento, seguridad o dimensionamiento de instalaciones solares.",,Fotovoltaico
Concepto fotovoltaico 120,"Concepto técnico utilizado en el diseño, análisis o operación de sistemas fotovoltaicos. Este parámetro influye en el rendimiento, seguridad o dimensionamiento de instalaciones solares.",,Fotovoltaico
Concepto fotovoltaico 121,"Concepto técnico utilizado en el diseño, análisis o operación de sistemas fotovoltaicos. Este parámetro influye en el rendimiento, seguridad o dimensionamiento de instalaciones solares.",,Fotovoltaico
Concepto fotovoltaico 122,"Concepto técnico utilizado en el diseño, análisis o operación de sistemas fotovoltaicos. Este parámetro influye en el rendimiento, seguridad o dimensionamiento de instalaciones solares.",,Fotovoltaico
Concepto fotovoltaico 123,"Concepto técnico utilizado en el diseño, análisis o operación de sistemas fotovoltaicos. Este parámetro influye en el rendimiento, seguridad o dimensionamiento de instalaciones solares.",,Fotovoltaico
Concepto fotovoltaico 124,"Concepto técnico utilizado en el diseño, análisis o operación de sistemas fotovoltaicos. Este parámetro influye en el rendimiento, seguridad o dimensionamiento de instalaciones solares.",,Fotovoltaico
Concepto fotovoltaico 125,"Concepto técnico utilizado en el diseño, análisis o operación de sistemas fotovoltaicos. Este parámetro influye en el rendimiento, seguridad o dimensionamiento de instalaciones solares.",,Fotovoltaico
Concepto fotovoltaico 126,"Concepto técnico utilizado en el diseño, análisis o operación de sistemas fotovoltaicos. Este parámetro influye en el rendimiento, seguridad o dimensionamiento de instalaciones solares.",,Fotovoltaico
Concepto fotovoltaico 127,"Concepto técnico utilizado en el diseño, análisis o operación de sistemas fotovoltaicos. Este parámetro influye en el rendimiento, seguridad o dimensionamiento de instalaciones solares.",,Fotovoltaico
Concepto fotovoltaico 128,"Concepto técnico utilizado en el diseño, análisis o operación de sistemas fotovoltaicos. Este parámetro influye en el rendimiento, seguridad o dimensionamiento de instalaciones solares.",,Fotovoltaico
Concepto fotovoltaico 129,"Concepto técnico utilizado en el diseño, análisis o operación de sistemas fotovoltaicos. Este parámetro influye en el rendimiento, seguridad o dimensionamiento de instalaciones solares.",,Fotovoltaico
Concepto fotovoltaico 130,"Concepto técnico utilizado en el diseño, análisis o operación de sistemas fotovoltaicos. Este parámetro influye en el rendimiento, seguridad o dimensionamiento de instalaciones solares.",,Fotovoltaico
Concepto fotovoltaico 131,"Concepto técnico utilizado en el diseño, análisis o operación de sistemas fotovoltaicos. Este parámetro influye en el rendimiento, seguridad o dimensionamiento de instalaciones solares.",,Fotovoltaico
Concepto fotovoltaico 132,"Concepto técnico utilizado en el diseño, análisis o operación de sistemas fotovoltaicos. Este parámetro influye en el rendimiento, seguridad o dimensionamiento de instalaciones solares.",,Fotovoltaico
Concepto fotovoltaico 133,"Concepto técnico utilizado en el diseño, análisis o operación de sistemas fotovoltaicos. Este parámetro influye en el rendimiento, seguridad o dimensionamiento de instalaciones solares.",,Fotovoltaico
Concepto fotovoltaico 134,"Concepto técnico utilizado en el diseño, análisis o operación de sistemas fotovoltaicos. Este parámetro influye en el rendimiento, seguridad o dimensionamiento de instalaciones solares.",,Fotovoltaico
Concepto fotovoltaico 135,"Concepto técnico utilizado en el diseño, análisis o operación de sistemas fotovoltaicos. Este parámetro influye en el rendimiento, seguridad o dimensionamiento de instalaciones solares.",,Fotovoltaico
Concepto fotovoltaico 136,"Concepto técnico utilizado en el diseño, análisis o operación de sistemas fotovoltaicos. Este parámetro influye en el rendimiento, seguridad o dimensionamiento de instalaciones solares.",,Fotovoltaico
Concepto fotovoltaico 137,"Concepto técnico utilizado en el diseño, análisis o operación de sistemas fotovoltaicos. Este parámetro influye en el rendimiento, seguridad o dimensionamiento de instalaciones solares.",,Fotovoltaico
Concepto fotovoltaico 138,"Concepto técnico utilizado en el diseño, análisis o operación de sistemas fotovoltaicos. Este parámetro influye en el rendimiento, seguridad o dimensionamiento de instalaciones solares.",,Fotovoltaico
Concepto fotovoltaico 139,"Concepto técnico utilizado en el diseño, análisis o operación de sistemas fotovoltaicos. Este parámetro influye en el rendimiento, seguridad o dimensionamiento de instalaciones solares.",,Fotovoltaico
Concepto fotovoltaico 140,"Concepto técnico utilizado en el diseño, análisis o operación de sistemas fotovoltaicos. Este parámetro influye en el rendimiento, seguridad o dimensionamiento de instalaciones solares.",,Fotovoltaico
Concepto fotovoltaico 141,"Concepto técnico utilizado en el diseño, análisis o operación de sistemas fotovoltaicos. Este parámetro influye en el rendimiento, seguridad o dimensionamiento de instalaciones solares.",,Fotovoltaico
Concepto fotovoltaico 142,"Concepto técnico utilizado en el diseño, análisis o operación de sistemas fotovoltaicos. Este parámetro influye en el rendimiento, seguridad o dimensionamiento de instalaciones solares.",,Fotovoltaico
Concepto fotovoltaico 143,"Concepto técnico utilizado en el diseño, análisis o operación de sistemas fotovoltaicos. Este parámetro influye en el rendimiento, seguridad o dimensionamiento de instalaciones solares.",,Fotovoltaico
Concepto fotovoltaico 144,"Concepto técnico utilizado en el diseño, análisis o operación de sistemas fotovoltaicos. Este parámetro influye en el rendimiento, seguridad o dimensionamiento de instalaciones solares.",,Fotovoltaico
Concepto fotovoltaico 145,"Concepto técnico utilizado en el diseño, análisis o operación de sistemas fotovoltaicos. Este parámetro influye en el rendimiento, seguridad o dimensionamiento de instalaciones solares.",,Fotovoltaico
Concepto fotovoltaico 146,"Concepto técnico utilizado en el diseño, análisis o operación de sistemas fotovoltaicos. Este parámetro influye en el rendimiento, seguridad o dimensionamiento de instalaciones solares.",,Fotovoltaico
Concepto fotovoltaico 147,"Concepto técnico utilizado en el diseño, análisis o operación de sistemas fotovoltaicos. Este parámetro influye en el rendimiento, seguridad o dimensionamiento de instalaciones solares.",,Fotovoltaico
Concepto fotovoltaico 148,"Concepto técnico utilizado en el diseño, análisis o operación de sistemas fotovoltaicos. Este parámetro influye en el rendimiento, seguridad o dimensionamiento de instalaciones solares.",,Fotovoltaico
Concepto fotovoltaico 149,"Concepto técnico utilizado en el diseño, análisis o operación de sistemas fotovoltaicos. Este parámetro influye en el rendimiento, seguridad o dimensionamiento de instalaciones solares.",,Fotovoltaico
Concepto fotovoltaico 150,"Concepto técnico utilizado en el diseño, análisis o operación de sistemas fotovoltaicos. Este parámetro influye en el rendimiento, seguridad o dimensionamiento de instalaciones solares.",,Fotovoltaico
Concepto fotovoltaico 151,"Concepto técnico utilizado en el diseño, análisis o operación de sistemas fotovoltaicos. Este parámetro influye en el rendimiento, seguridad o dimensionamiento de instalaciones solares.",,Fotovoltaico
Concepto fotovoltaico 152,"Concepto técnico utilizado en el diseño, análisis o operación de sistemas fotovoltaicos. Este parámetro influye en el rendimiento, seguridad o dimensionamiento de instalaciones solares.",,Fotovoltaico
Concepto fotovoltaico 153,"Concepto técnico utilizado en el diseño, análisis o operación de sistemas fotovoltaicos. Este parámetro influye en el rendimiento, seguridad o dimensionamiento de instalaciones solares.",,Fotovoltaico
Concepto fotovoltaico 154,"Concepto técnico utilizado en el diseño, análisis o operación de sistemas fotovoltaicos. Este parámetro influye en el rendimiento, seguridad o dimensionamiento de instalaciones solares.",,Fotovoltaico
Concepto fotovoltaico 155,"Concepto técnico utilizado en el diseño, análisis o operación de sistemas fotovoltaicos. Este parámetro influye en el rendimiento, seguridad o dimensionamiento de instalaciones solares.",,Fotovoltaico
Concepto fotovoltaico 156,"Concepto técnico utilizado en el diseño, análisis o operación de sistemas fotovoltaicos. Este parámetro influye en el rendimiento, seguridad o dimensionamiento de instalaciones solares.",,Fotovoltaico
Concepto fotovoltaico 157,"Concepto técnico utilizado en el diseño, análisis o operación de sistemas fotovoltaicos. Este parámetro influye en el rendimiento, seguridad o dimensionamiento de instalaciones solares.",,Fotovoltaico
Concepto fotovoltaico 158,"Concepto técnico utilizado en el diseño, análisis o operación de sistemas fotovoltaicos. Este parámetro influye en el rendimiento, seguridad o dimensionamiento de instalaciones solares.",,Fotovoltaico
Concepto fotovoltaico 159,"Concepto técnico utilizado en el diseño, análisis o operación de sistemas fotovoltaicos. Este parámetro influye en el rendimiento, seguridad o dimensionamiento de instalaciones solares.",,Fotovoltaico
Concepto fotovoltaico 160,"Concepto técnico utilizado en el diseño, análisis o operación de sistemas fotovoltaicos. Este parámetro influye en el rendimiento, seguridad o dimensionamiento de instalaciones solares.",,Fotovoltaico
Concepto fotovoltaico 161,"Concepto técnico utilizado en el diseño, análisis o operación de sistemas fotovoltaicos. Este parámetro influye en el rendimiento, seguridad o dimensionamiento de instalaciones solares.",,Fotovoltaico
Concepto fotovoltaico 162,"Concepto técnico utilizado en el diseño, análisis o operación de sistemas fotovoltaicos. Este parámetro influye en el rendimiento, seguridad o dimensionamiento de instalaciones solares.",,Fotovoltaico
Concepto fotovoltaico 163,"Concepto técnico utilizado en el diseño, análisis o operación de sistemas fotovoltaicos. Este parámetro influye en el rendimiento, seguridad o dimensionamiento de instalaciones solares.",,Fotovoltaico
Concepto fotovoltaico 164,"Concepto técnico utilizado en el diseño, análisis o operación de sistemas fotovoltaicos. Este parámetro influye en el rendimiento, seguridad o dimensionamiento de instalaciones solares.",,Fotovoltaico
Concepto fotovoltaico 165,"Concepto técnico utilizado en el diseño, análisis o operación de sistemas fotovoltaicos. Este parámetro influye en el rendimiento, seguridad o dimensionamiento de instalaciones solares.",,Fotovoltaico
Concepto fotovoltaico 166,"Concepto técnico utilizado en el diseño, análisis o operación de sistemas fotovoltaicos. Este parámetro influye en el rendimiento, seguridad o dimensionamiento de instalaciones solares.",,Fotovoltaico
Concepto fotovoltaico 167,"Concepto técnico utilizado en el diseño, análisis o operación de sistemas fotovoltaicos. Este parámetro influye en el rendimiento, seguridad o dimensionamiento de instalaciones solares.",,Fotovoltaico
Concepto fotovoltaico 168,"Concepto técnico utilizado en el diseño, análisis o operación de sistemas fotovoltaicos. Este parámetro influye en el rendimiento, seguridad o dimensionamiento de instalaciones solares.",,Fotovoltaico
Concepto fotovoltaico 169,"Concepto técnico utilizado en el diseño, análisis o operación de sistemas fotovoltaicos. Este parámetro influye en el rendimiento, seguridad o dimensionamiento de instalaciones solares.",,Fotovoltaico
Concepto fotovoltaico 170,"Concepto técnico utilizado en el diseño, análisis o operación de sistemas fotovoltaicos. Este parámetro influye en el rendimiento, seguridad o dimensionamiento de instalaciones solares.",,Fotovoltaico
Concepto fotovoltaico 171,"Concepto técnico utilizado en el diseño, análisis o operación de sistemas fotovoltaicos. Este parámetro influye en el rendimiento, seguridad o dimensionamiento de instalaciones solares.",,Fotovoltaico
Concepto fotovoltaico 172,"Concepto técnico utilizado en el diseño, análisis o operación de sistemas fotovoltaicos. Este parámetro influye en el rendimiento, seguridad o dimensionamiento de instalaciones solares.",,Fotovoltaico
Concepto fotovoltaico 173,"Concepto técnico utilizado en el diseño, análisis o operación de sistemas fotovoltaicos. Este parámetro influye en el rendimiento, seguridad o dimensionamiento de instalaciones solares.",,Fotovoltaico
Concepto fotovoltaico 174,"Concepto técnico utilizado en el diseño, análisis o operación de sistemas fotovoltaicos. Este parámetro influye en el rendimiento, seguridad o dimensionamiento de instalaciones solares.",,Fotovoltaico
Concepto fotovoltaico 175,"Concepto técnico utilizado en el diseño, análisis o operación de sistemas fotovoltaicos. Este parámetro influye en el rendimiento, seguridad o dimensionamiento de instalaciones solares.",,Fotovoltaico
Concepto fotovoltaico 176,"Concepto técnico utilizado en el diseño, análisis o operación de sistemas fotovoltaicos. Este parámetro influye en el rendimiento, seguridad o dimensionamiento de instalaciones solares.",,Fotovoltaico
Concepto fotovoltaico 177,"Concepto técnico utilizado en el diseño, análisis o operación de sistemas fotovoltaicos. Este parámetro influye en el rendimiento, seguridad o dimensionamiento de instalaciones solares.",,Fotovoltaico
Concepto fotovoltaico 178,"Concepto técnico utilizado en el diseño, análisis o operación de sistemas fotovoltaicos. Este parámetro influye en el rendimiento, seguridad o dimensionamiento de instalaciones solares.",,Fotovoltaico
Concepto fotovoltaico 179,"Concepto técnico utilizado en el diseño, análisis o operación de sistemas fotovoltaicos. Este parámetro influye en el rendimiento, seguridad o dimensionamiento de instalaciones solares.",,Fotovoltaico
Concepto fotovoltaico 180,"Concepto técnico utilizado en el diseño, análisis o operación de sistemas fotovoltaicos. Este parámetro influye en el rendimiento, seguridad o dimensionamiento de instalaciones solares.",,Fotovoltaico
Concepto fotovoltaico 181,"Concepto técnico utilizado en el diseño, análisis o operación de sistemas fotovoltaicos. Este parámetro influye en el rendimiento, seguridad o dimensionamiento de instalaciones solares.",,Fotovoltaico
Concepto fotovoltaico 182,"Concepto técnico utilizado en el diseño, análisis o operación de sistemas fotovoltaicos. Este parámetro influye en el rendimiento, seguridad o dimensionamiento de instalaciones solares.",,Fotovoltaico
Concepto fotovoltaico 183,"Concepto técnico utilizado en el diseño, análisis o operación de sistemas fotovoltaicos. Este parámetro influye en el rendimiento, seguridad o dimensionamiento de instalaciones solares.",,Fotovoltaico
Concepto fotovoltaico 184,"Concepto técnico utilizado en el diseño, análisis o operación de sistemas fotovoltaicos. Este parámetro influye en el rendimiento, seguridad o dimensionamiento de instalaciones solares.",,Fotovoltaico
Concepto fotovoltaico 185,"Concepto técnico utilizado en el diseño, análisis o operación de sistemas fotovoltaicos. Este parámetro influye en el rendimiento, seguridad o dimensionamiento de instalaciones solares.",,Fotovoltaico
Concepto fotovoltaico 186,"Concepto técnico utilizado en el diseño, análisis o operación de sistemas fotovoltaicos. Este parámetro influye en el rendimiento, seguridad o dimensionamiento de instalaciones solares.",,Fotovoltaico
Concepto fotovoltaico 187,"Concepto técnico utilizado en el diseño, análisis o operación de sistemas fotovoltaicos. Este parámetro influye en el rendimiento, seguridad o dimensionamiento de instalaciones solares.",,Fotovoltaico
Concepto fotovoltaico 188,"Concepto técnico utilizado en el diseño, análisis o operación de sistemas fotovoltaicos. Este parámetro influye en el rendimiento, seguridad o dimensionamiento de instalaciones solares.",,Fotovoltaico
Concepto fotovoltaico 189,"Concepto técnico utilizado en el diseño, análisis o operación de sistemas fotovoltaicos. Este parámetro influye en el rendimiento, seguridad o dimensionamiento de instalaciones solares.",,Fotovoltaico
Concepto fotovoltaico 190,"Concepto técnico utilizado en el diseño, análisis o operación de sistemas fotovoltaicos. Este parámetro influye en el rendimiento, seguridad o dimensionamiento de instalaciones solares.",,Fotovoltaico
Concepto fotovoltaico 191,"Concepto técnico utilizado en el diseño, análisis o operación de sistemas fotovoltaicos. Este parámetro influye en el rendimiento, seguridad o dimensionamiento de instalaciones solares.",,Fotovoltaico
Concepto fotovoltaico 192,"Concepto técnico utilizado en el diseño, análisis o operación de sistemas fotovoltaicos. Este parámetro influye en el rendimiento, seguridad o dimensionamiento de instalaciones solares.",,Fotovoltaico
Concepto fotovoltaico 193,"Concepto técnico utilizado en el diseño, análisis o operación de sistemas fotovoltaicos. Este parámetro influye en el rendimiento, seguridad o dimensionamiento de instalaciones solares.",,Fotovoltaico
Concepto fotovoltaico 194,"Concepto técnico utilizado en el diseño, análisis o operación de sistemas fotovoltaicos. Este parámetro influye en el rendimiento, seguridad o dimensionamiento de instalaciones solares.",,Fotovoltaico
Concepto fotovoltaico 195,"Concepto técnico utilizado en el diseño, análisis o operación de sistemas fotovoltaicos. Este parámetro influye en el rendimiento, seguridad o dimensionamiento de instalaciones solares.",,Fotovoltaico
Concepto fotovoltaico 196,"Concepto técnico utilizado en el diseño, análisis o operación de sistemas fotovoltaicos. Este parámetro influye en el rendimiento, seguridad o dimensionamiento de instalaciones solares.",,Fotovoltaico
Concepto fotovoltaico 197,"Concepto técnico utilizado en el diseño, análisis o operación de sistemas fotovoltaicos. Este parámetro influye en el rendimiento, seguridad o dimensionamiento de instalaciones solares.",,Fotovoltaico
Concepto fotovoltaico 198,"Concepto técnico utilizado en el diseño, análisis o operación de sistemas fotovoltaicos. Este parámetro influye en el rendimiento, seguridad o dimensionamiento de instalaciones solares.",,Fotovoltaico
Concepto fotovoltaico 199,"Concepto técnico utilizado en el diseño, análisis o operación de sistemas fotovoltaicos. Este parámetro influye en el rendimiento, seguridad o dimensionamiento de instalaciones solares.",,Fotovoltaico
Concepto fotovoltaico 200,"Concepto técnico utilizado en el diseño, análisis o operación de sistemas fotovoltaicos. Este parámetro influye en el rendimiento, seguridad o dimensionamiento de instalaciones solares.",,Fotovoltaico
Concepto fotovoltaico 201,"Concepto técnico utilizado en el diseño, análisis o operación de sistemas fotovoltaicos. Este parámetro influye en el rendimiento, seguridad o dimensionamiento de instalaciones solares.",,Fotovoltaico
Concepto fotovoltaico 202,"Concepto técnico utilizado en el diseño, análisis o operación de sistemas fotovoltaicos. Este parámetro influye en el rendimiento, seguridad o dimensionamiento de instalaciones solares.",,Fotovoltaico
Concepto fotovoltaico 203,"Concepto técnico utilizado en el diseño, análisis o operación de sistemas fotovoltaicos. Este parámetro influye en el rendimiento, seguridad o dimensionamiento de instalaciones solares.",,Fotovoltaico
Concepto fotovoltaico 204,"Concepto técnico utilizado en el diseño, análisis o operación de sistemas fotovoltaicos. Este parámetro influye en el rendimiento, seguridad o dimensionamiento de instalaciones solares.",,Fotovoltaico
Concepto fotovoltaico 205,"Concepto técnico utilizado en el diseño, análisis o operación de sistemas fotovoltaicos. Este parámetro influye en el rendimiento, seguridad o dimensionamiento de instalaciones solares.",,Fotovoltaico
Concepto fotovoltaico 206,"Concepto técnico utilizado en el diseño, análisis o operación de sistemas fotovoltaicos. Este parámetro influye en el rendimiento, seguridad o dimensionamiento de instalaciones solares.",,Fotovoltaico
Concepto fotovoltaico 207,"Concepto técnico utilizado en el diseño, análisis o operación de sistemas fotovoltaicos. Este parámetro influye en el rendimiento, seguridad o dimensionamiento de instalaciones solares.",,Fotovoltaico
Concepto fotovoltaico 208,"Concepto técnico utilizado en el diseño, análisis o operación de sistemas fotovoltaicos. Este parámetro influye en el rendimiento, seguridad o dimensionamiento de instalaciones solares.",,Fotovoltaico
Concepto fotovoltaico 209,"Concepto técnico utilizado en el diseño, análisis o operación de sistemas fotovoltaicos. Este parámetro influye en el rendimiento, seguridad o dimensionamiento de instalaciones solares.",,Fotovoltaico
Concepto fotovoltaico 210,"Concepto técnico utilizado en el diseño, análisis o operación de sistemas fotovoltaicos. Este parámetro influye en el rendimiento, seguridad o dimensionamiento de instalaciones solares.",,Fotovoltaico
Concepto fotovoltaico 211,"Concepto técnico utilizado en el diseño, análisis o operación de sistemas fotovoltaicos. Este parámetro influye en el rendimiento, seguridad o dimensionamiento de instalaciones solares.",,Fotovoltaico
Concepto fotovoltaico 212,"Concepto técnico utilizado en el diseño, análisis o operación de sistemas fotovoltaicos. Este parámetro influye en el rendimiento, seguridad o dimensionamiento de instalaciones solares.",,Fotovoltaico
Concepto fotovoltaico 213,"Concepto técnico utilizado en el diseño, análisis o operación de sistemas fotovoltaicos. Este parámetro influye en el rendimiento, seguridad o dimensionamiento de instalaciones solares.",,Fotovoltaico
Concepto fotovoltaico 214,"Concepto técnico utilizado en el diseño, análisis o operación de sistemas fotovoltaicos. Este parámetro influye en el rendimiento, seguridad o dimensionamiento de instalaciones solares.",,Fotovoltaico
Concepto fotovoltaico 215,"Concepto técnico utilizado en el diseño, análisis o operación de sistemas fotovoltaicos. Este parámetro influye en el rendimiento, seguridad o dimensionamiento de instalaciones solares.",,Fotovoltaico
Concepto fotovoltaico 216,"Concepto técnico utilizado en el diseño, análisis o operación de sistemas fotovoltaicos. Este parámetro influye en el rendimiento, seguridad o dimensionamiento de instalaciones solares.",,Fotovoltaico
Concepto fotovoltaico 217,"Concepto técnico utilizado en el diseño, análisis o operación de sistemas fotovoltaicos. Este parámetro influye en el rendimiento, seguridad o dimensionamiento de instalaciones solares.",,Fotovoltaico
Concepto fotovoltaico 218,"Concepto técnico utilizado en el diseño, análisis o operación de sistemas fotovoltaicos. Este parámetro influye en el rendimiento, seguridad o dimensionamiento de instalaciones solares.",,Fotovoltaico
Concepto fotovoltaico 219,"Concepto técnico utilizado en el diseño, análisis o operación de sistemas fotovoltaicos. Este parámetro influye en el rendimiento, seguridad o dimensionamiento de instalaciones solares.",,Fotovoltaico
Concepto fotovoltaico 220,"Concepto técnico utilizado en el diseño, análisis o operación de sistemas fotovoltaicos. Este parámetro influye en el rendimiento, seguridad o dimensionamiento de instalaciones solares.",,Fotovoltaico
Concepto fotovoltaico 221,"Concepto técnico utilizado en el diseño, análisis o operación de sistemas fotovoltaicos. Este parámetro influye en el rendimiento, seguridad o dimensionamiento de instalaciones solares.",,Fotovoltaico
Concepto fotovoltaico 222,"Concepto técnico utilizado en el diseño, análisis o operación de sistemas fotovoltaicos. Este parámetro influye en el rendimiento, seguridad o dimensionamiento de instalaciones solares.",,Fotovoltaico
Concepto fotovoltaico 223,"Concepto técnico utilizado en el diseño, análisis o operación de sistemas fotovoltaicos. Este parámetro influye en el rendimiento, seguridad o dimensionamiento de instalaciones solares.",,Fotovoltaico
Concepto fotovoltaico 224,"Concepto técnico utilizado en el diseño, análisis o operación de sistemas fotovoltaicos. Este parámetro influye en el rendimiento, seguridad o dimensionamiento de instalaciones solares.",,Fotovoltaico
Concepto fotovoltaico 225,"Concepto técnico utilizado en el diseño, análisis o operación de sistemas fotovoltaicos. Este parámetro influye en el rendimiento, seguridad o dimensionamiento de instalaciones solares.",,Fotovoltaico
Concepto fotovoltaico 226,"Concepto técnico utilizado en el diseño, análisis o operación de sistemas fotovoltaicos. Este parámetro influye en el rendimiento, seguridad o dimensionamiento de instalaciones solares.",,Fotovoltaico
Concepto fotovoltaico 227,"Concepto técnico utilizado en el diseño, análisis o operación de sistemas fotovoltaicos. Este parámetro influye en el rendimiento, seguridad o dimensionamiento de instalaciones solares.",,Fotovoltaico
Concepto fotovoltaico 228,"Concepto técnico utilizado en el diseño, análisis o operación de sistemas fotovoltaicos. Este parámetro influye en el rendimiento, seguridad o dimensionamiento de instalaciones solares.",,Fotovoltaico
Concepto fotovoltaico 229,"Concepto técnico utilizado en el diseño, análisis o operación de sistemas fotovoltaicos. Este parámetro influye en el rendimiento, seguridad o dimensionamiento de instalaciones solares.",,Fotovoltaico
Concepto fotovoltaico 230,"Concepto técnico utilizado en el diseño, análisis o operación de sistemas fotovoltaicos. Este parámetro influye en el rendimiento, seguridad o dimensionamiento de instalaciones solares.",,Fotovoltaico
Concepto fotovoltaico 231,"Concepto técnico utilizado en el diseño, análisis o operación de sistemas fotovoltaicos. Este parámetro influye en el rendimiento, seguridad o dimensionamiento de instalaciones solares.",,Fotovoltaico
Concepto fotovoltaico 232,"Concepto técnico utilizado en el diseño, análisis o operación de sistemas fotovoltaicos. Este parámetro influye en el rendimiento, seguridad o dimensionamiento de instalaciones solares.",,Fotovoltaico
Concepto fotovoltaico 233,"Concepto técnico utilizado en el diseño, análisis o operación de sistemas fotovoltaicos. Este parámetro influye en el rendimiento, seguridad o dimensionamiento de instalaciones solares.",,Fotovoltaico
Concepto fotovoltaico 234,"Concepto técnico utilizado en el diseño, análisis o operación de sistemas fotovoltaicos. Este parámetro influye en el rendimiento, seguridad o dimensionamiento de instalaciones solares.",,Fotovoltaico
Concepto fotovoltaico 235,"Concepto técnico utilizado en el diseño, análisis o operación de sistemas fotovoltaicos. Este parámetro influye en el rendimiento, seguridad o dimensionamiento de instalaciones solares.",,Fotovoltaico
Concepto fotovoltaico 236,"Concepto técnico utilizado en el diseño, análisis o operación de sistemas fotovoltaicos. Este parámetro influye en el rendimiento, seguridad o dimensionamiento de instalaciones solares.",,Fotovoltaico
Concepto fotovoltaico 237,"Concepto técnico utilizado en el diseño, análisis o operación de sistemas fotovoltaicos. Este parámetro influye en el rendimiento, seguridad o dimensionamiento de instalaciones solares.",,Fotovoltaico
Concepto fotovoltaico 238,"Concepto técnico utilizado en el diseño, análisis o operación de sistemas fotovoltaicos. Este parámetro influye en el rendimiento, seguridad o dimensionamiento de instalaciones solares.",,Fotovoltaico
Concepto fotovoltaico 239,"Concepto técnico utilizado en el diseño, análisis o operación de sistemas fotovoltaicos. Este parámetro influye en el rendimiento, seguridad o dimensionamiento de instalaciones solares.",,Fotovoltaico
Concepto fotovoltaico 240,"Concepto técnico utilizado en el diseño, análisis o operación de sistemas fotovoltaicos. Este parámetro influye en el rendimiento, seguridad o dimensionamiento de instalaciones solares.",,Fotovoltaico
Concepto fotovoltaico 241,"Concepto técnico utilizado en el diseño, análisis o operación de sistemas fotovoltaicos. Este parámetro influye en el rendimiento, seguridad o dimensionamiento de instalaciones solares.",,Fotovoltaico
Concepto fotovoltaico 242,"Concepto técnico utilizado en el diseño, análisis o operación de sistemas fotovoltaicos. Este parámetro influye en el rendimiento, seguridad o dimensionamiento de instalaciones solares.",,Fotovoltaico
Concepto fotovoltaico 243,"Concepto técnico utilizado en el diseño, análisis o operación de sistemas fotovoltaicos. Este parámetro influye en el rendimiento, seguridad o dimensionamiento de instalaciones solares.",,Fotovoltaico
Concepto fotovoltaico 244,"Concepto técnico utilizado en el diseño, análisis o operación de sistemas fotovoltaicos. Este parámetro influye en el rendimiento, seguridad o dimensionamiento de instalaciones solares.",,Fotovoltaico
Concepto fotovoltaico 245,"Concepto técnico utilizado en el diseño, análisis o operación de sistemas fotovoltaicos. Este parámetro influye en el rendimiento, seguridad o dimensionamiento de instalaciones solares.",,Fotovoltaico
Concepto fotovoltaico 246,"Concepto técnico utilizado en el diseño, análisis o operación de sistemas fotovoltaicos. Este parámetro influye en el rendimiento, seguridad o dimensionamiento de instalaciones solares.",,Fotovoltaico
Concepto fotovoltaico 247,"Concepto técnico utilizado en el diseño, análisis o operación de sistemas fotovoltaicos. Este parámetro influye en el rendimiento, seguridad o dimensionamiento de instalaciones solares.",,Fotovoltaico
Concepto fotovoltaico 248,"Concepto técnico utilizado en el diseño, análisis o operación de sistemas fotovoltaicos. Este parámetro influye en el rendimiento, seguridad o dimensionamiento de instalaciones solares.",,Fotovoltaico
Concepto fotovoltaico 249,"Concepto técnico utilizado en el diseño, análisis o operación de sistemas fotovoltaicos. Este parámetro influye en el rendimiento, seguridad o dimensionamiento de instalaciones solares.",,Fotovoltaico
Concepto fotovoltaico 250,"Concepto técnico utilizado en el diseño, análisis o operación de sistemas fotovoltaicos. Este parámetro influye en el rendimiento, seguridad o dimensionamiento de instalaciones solares.",,Fotovoltaico
Concepto fotovoltaico 251,"Concepto técnico utilizado en el diseño, análisis o operación de sistemas fotovoltaicos. Este parámetro influye en el rendimiento, seguridad o dimensionamiento de instalaciones solares.",,Fotovoltaico
Concepto fotovoltaico 252,"Concepto técnico utilizado en el diseño, análisis o operación de sistemas fotovoltaicos. Este parámetro influye en el rendimiento, seguridad o dimensionamiento de instalaciones solares.",,Fotovoltaico
Concepto fotovoltaico 253,"Concepto técnico utilizado en el diseño, análisis o operación de sistemas fotovoltaicos. Este parámetro influye en el rendimiento, seguridad o dimensionamiento de instalaciones solares.",,Fotovoltaico
Concepto fotovoltaico 254,"Concepto técnico utilizado en el diseño, análisis o operación de sistemas fotovoltaicos. Este parámetro influye en el rendimiento, seguridad o dimensionamiento de instalaciones solares.",,Fotovoltaico
Concepto fotovoltaico 255,"Concepto técnico utilizado en el diseño, análisis o operación de sistemas fotovoltaicos. Este parámetro influye en el rendimiento, seguridad o dimensionamiento de instalaciones solares.",,Fotovoltaico
Concepto fotovoltaico 256,"Concepto técnico utilizado en el diseño, análisis o operación de sistemas fotovoltaicos. Este parámetro influye en el rendimiento, seguridad o dimensionamiento de instalaciones solares.",,Fotovoltaico
Concepto fotovoltaico 257,"Concepto técnico utilizado en el diseño, análisis o operación de sistemas fotovoltaicos. Este parámetro influye en el rendimiento, seguridad o dimensionamiento de instalaciones solares.",,Fotovoltaico
Concepto fotovoltaico 258,"Concepto técnico utilizado en el diseño, análisis o operación de sistemas fotovoltaicos. Este parámetro influye en el rendimiento, seguridad o dimensionamiento de instalaciones solares.",,Fotovoltaico
Concepto fotovoltaico 259,"Concepto técnico utilizado en el diseño, análisis o operación de sistemas fotovoltaicos. Este parámetro influye en el rendimiento, seguridad o dimensionamiento de instalaciones solares.",,Fotovoltaico
Concepto fotovoltaico 260,"Concepto técnico utilizado en el diseño, análisis o operación de sistemas fotovoltaicos. Este parámetro influye en el rendimiento, seguridad o dimensionamiento de instalaciones solares.",,Fotovoltaico
Concepto fotovoltaico 261,"Concepto técnico utilizado en el diseño, análisis o operación de sistemas fotovoltaicos. Este parámetro influye en el rendimiento, seguridad o dimensionamiento de instalaciones solares.",,Fotovoltaico
Concepto fotovoltaico 262,"Concepto técnico utilizado en el diseño, análisis o operación de sistemas fotovoltaicos. Este parámetro influye en el rendimiento, seguridad o dimensionamiento de instalaciones solares.",,Fotovoltaico
Concepto fotovoltaico 263,"Concepto técnico utilizado en el diseño, análisis o operación de sistemas fotovoltaicos. Este parámetro influye en el rendimiento, seguridad o dimensionamiento de instalaciones solares.",,Fotovoltaico
Concepto fotovoltaico 264,"Concepto técnico utilizado en el diseño, análisis o operación de sistemas fotovoltaicos. Este parámetro influye en el rendimiento, seguridad o dimensionamiento de instalaciones solares.",,Fotovoltaico
Concepto fotovoltaico 265,"Concepto técnico utilizado en el diseño, análisis o operación de sistemas fotovoltaicos. Este parámetro influye en el rendimiento, seguridad o dimensionamiento de instalaciones solares.",,Fotovoltaico
Concepto fotovoltaico 266,"Concepto técnico utilizado en el diseño, análisis o operación de sistemas fotovoltaicos. Este parámetro influye en el rendimiento, seguridad o dimensionamiento de instalaciones solares.",,Fotovoltaico
Concepto fotovoltaico 267,"Concepto técnico utilizado en el diseño, análisis o operación de sistemas fotovoltaicos. Este parámetro influye en el rendimiento, seguridad o dimensionamiento de instalaciones solares.",,Fotovoltaico
Concepto fotovoltaico 268,"Concepto técnico utilizado en el diseño, análisis o operación de sistemas fotovoltaicos. Este parámetro influye en el rendimiento, seguridad o dimensionamiento de instalaciones solares.",,Fotovoltaico
Concepto fotovoltaico 269,"Concepto técnico utilizado en el diseño, análisis o operación de sistemas fotovoltaicos. Este parámetro influye en el rendimiento, seguridad o dimensionamiento de instalaciones solares.",,Fotovoltaico
Concepto fotovoltaico 270,"Concepto técnico utilizado en el diseño, análisis o operación de sistemas fotovoltaicos. Este parámetro influye en el rendimiento, seguridad o dimensionamiento de instalaciones solares.",,Fotovoltaico
Concepto fotovoltaico 271,"Concepto técnico utilizado en el diseño, análisis o operación de sistemas fotovoltaicos. Este parámetro influye en el rendimiento, seguridad o dimensionamiento de instalaciones solares.",,Fotovoltaico
Concepto fotovoltaico 272,"Concepto técnico utilizado en el diseño, análisis o operación de sistemas fotovoltaicos. Este parámetro influye en el rendimiento, seguridad o dimensionamiento de instalaciones solares.",,Fotovoltaico
Concepto fotovoltaico 273,"Concepto técnico utilizado en el diseño, análisis o operación de sistemas fotovoltaicos. Este parámetro influye en el rendimiento, seguridad o dimensionamiento de instalaciones solares.",,Fotovoltaico
Concepto fotovoltaico 274,"Concepto técnico utilizado en el diseño, análisis o operación de sistemas fotovoltaicos. Este parámetro influye en el rendimiento, seguridad o dimensionamiento de instalaciones solares.",,Fotovoltaico
Concepto fotovoltaico 275,"Concepto técnico utilizado en el diseño, análisis o operación de sistemas fotovoltaicos. Este parámetro influye en el rendimiento, seguridad o dimensionamiento de instalaciones solares.",,Fotovoltaico
Concepto fotovoltaico 276,"Concepto técnico utilizado en el diseño, análisis o operación de sistemas fotovoltaicos. Este parámetro influye en el rendimiento, seguridad o dimensionamiento de instalaciones solares.",,Fotovoltaico
Concepto fotovoltaico 277,"Concepto técnico utilizado en el diseño, análisis o operación de sistemas fotovoltaicos. Este parámetro influye en el rendimiento, seguridad o dimensionamiento de instalaciones solares.",,Fotovoltaico
Concepto fotovoltaico 278,"Concepto técnico utilizado en el diseño, análisis o operación de sistemas fotovoltaicos. Este parámetro influye en el rendimiento, seguridad o dimensionamiento de instalaciones solares.",,Fotovoltaico
Concepto fotovoltaico 279,"Concepto técnico utilizado en el diseño, análisis o operación de sistemas fotovoltaicos. Este parámetro influye en el rendimiento, seguridad o dimensionamiento de instalaciones solares.",,Fotovoltaico
Concepto fotovoltaico 280,"Concepto técnico utilizado en el diseño, análisis o operación de sistemas fotovoltaicos. Este parámetro influye en el rendimiento, seguridad o dimensionamiento de instalaciones solares.",,Fotovoltaico
Concepto fotovoltaico 281,"Concepto técnico utilizado en el diseño, análisis o operación de sistemas fotovoltaicos. Este parámetro influye en el rendimiento, seguridad o dimensionamiento de instalaciones solares.",,Fotovoltaico
Concepto fotovoltaico 282,"Concepto técnico utilizado en el diseño, análisis o operación de sistemas fotovoltaicos. Este parámetro influye en el rendimiento, seguridad o dimensionamiento de instalaciones solares.",,Fotovoltaico
Concepto fotovoltaico 283,"Concepto técnico utilizado en el diseño, análisis o operación de sistemas fotovoltaicos. Este parámetro influye en el rendimiento, seguridad o dimensionamiento de instalaciones solares.",,Fotovoltaico
Concepto fotovoltaico 284,"Concepto técnico utilizado en el diseño, análisis o operación de sistemas fotovoltaicos. Este parámetro influye en el rendimiento, seguridad o dimensionamiento de instalaciones solares.",,Fotovoltaico
Concepto fotovoltaico 285,"Concepto técnico utilizado en el diseño, análisis o operación de sistemas fotovoltaicos. Este parámetro influye en el rendimiento, seguridad o dimensionamiento de instalaciones solares.",,Fotovoltaico
Concepto fotovoltaico 286,"Concepto técnico utilizado en el diseño, análisis o operación de sistemas fotovoltaicos. Este parámetro influye en el rendimiento, seguridad o dimensionamiento de instalaciones solares.",,Fotovoltaico
Concepto fotovoltaico 287,"Concepto técnico utilizado en el diseño, análisis o operación de sistemas fotovoltaicos. Este parámetro influye en el rendimiento, seguridad o dimensionamiento de instalaciones solares.",,Fotovoltaico
Concepto fotovoltaico 288,"Concepto técnico utilizado en el diseño, análisis o operación de sistemas fotovoltaicos. Este parámetro influye en el rendimiento, seguridad o dimensionamiento de instalaciones solares.",,Fotovoltaico
Concepto fotovoltaico 289,"Concepto técnico utilizado en el diseño, análisis o operación de sistemas fotovoltaicos. Este parámetro influye en el rendimiento, seguridad o dimensionamiento de instalaciones solares.",,Fotovoltaico
Concepto fotovoltaico 290,"Concepto técnico utilizado en el diseño, análisis o operación de sistemas fotovoltaicos. Este parámetro influye en el rendimiento, seguridad o dimensionamiento de instalaciones solares.",,Fotovoltaico
Concepto fotovoltaico 291,"Concepto técnico utilizado en el diseño, análisis o operación de sistemas fotovoltaicos. Este parámetro influye en el rendimiento, seguridad o dimensionamiento de instalaciones solares.",,Fotovoltaico
Concepto fotovoltaico 292,"Concepto técnico utilizado en el diseño, análisis o operación de sistemas fotovoltaicos. Este parámetro influye en el rendimiento, seguridad o dimensionamiento de instalaciones solares.",,Fotovoltaico
Concepto fotovoltaico 293,"Concepto técnico utilizado en el diseño, análisis o operación de sistemas fotovoltaicos. Este parámetro influye en el rendimiento, seguridad o dimensionamiento de instalaciones solares.",,Fotovoltaico
Concepto fotovoltaico 294,"Concepto técnico utilizado en el diseño, análisis o operación de sistemas fotovoltaicos. Este parámetro influye en el rendimiento, seguridad o dimensionamiento de instalaciones solares.",,Fotovoltaico
Concepto fotovoltaico 295,"Concepto técnico utilizado en el diseño, análisis o operación de sistemas fotovoltaicos. Este parámetro influye en el rendimiento, seguridad o dimensionamiento de instalaciones solares.",,Fotovoltaico
Concepto fotovoltaico 296,"Concepto técnico utilizado en el diseño, análisis o operación de sistemas fotovoltaicos. Este parámetro influye en el rendimiento, seguridad o dimensionamiento de instalaciones solares.",,Fotovoltaico
Concepto fotovoltaico 297,"Concepto técnico utilizado en el diseño, análisis o operación de sistemas fotovoltaicos. Este parámetro influye en el rendimiento, seguridad o dimensionamiento de instalaciones solares.",,Fotovoltaico
Concepto fotovoltaico 298,"Concepto técnico utilizado en el diseño, análisis o operación de sistemas fotovoltaicos. Este parámetro influye en el rendimiento, seguridad o dimensionamiento de instalaciones solares.",,Fotovoltaico
Concepto fotovoltaico 299,"Concepto técnico utilizado en el diseño, análisis o operación de sistemas fotovoltaicos. Este parámetro influye en el rendimiento, seguridad o dimensionamiento de instalaciones solares.",,Fotovoltaico
Concepto fotovoltaico 300,"Concepto técnico utilizado en el diseño, análisis o operación de sistemas fotovoltaicos. Este parámetro influye en el rendimiento, seguridad o dimensionamiento de instalaciones solares.",,Fotovoltaico
Coeficiente de temperatura,"Concepto técnico utilizado en el diseño, análisis o operación de sistemas fotovoltaicos. Este parámetro influye en el rendimiento, seguridad o dimensionamiento de instalaciones solares.",,Fotovoltaico
Performance Ratio,"Concepto técnico utilizado en el diseño, análisis o operación de sistemas fotovoltaicos. Este parámetro influye en el rendimiento, seguridad o dimensionamiento de instalaciones solares.",,Fotovoltaico
Sistema On-Grid,"Concepto técnico utilizado en el diseño, análisis o operación de sistemas fotovoltaicos. Este parámetro influye en el rendimiento, seguridad o dimensionamiento de instalaciones solares.",,Fotovoltaico
Sistema Off-Grid,"Concepto técnico utilizado en el diseño, análisis o operación de sistemas fotovoltaicos. Este parámetro influye en el rendimiento, seguridad o dimensionamiento de instalaciones solares.",,Fotovoltaico
Sistema híbrido,"Concepto técnico utilizado en el diseño, análisis o operación de sistemas fotovoltaicos. Este parámetro influye en el rendimiento, seguridad o dimensionamiento de instalaciones solares.",,Fotovoltaico
Cable fotovoltaico,"Concepto técnico utilizado en el diseño, análisis o operación de sistemas fotovoltaicos. Este parámetro influye en el rendimiento, seguridad o dimensionamiento de instalaciones solares.",,Fotovoltaico
Protección DC,"Concepto técnico utilizado en el diseño, análisis o operación de sistemas fotovoltaicos. Este parámetro influye en el rendimiento, seguridad o dimensionamiento de instalaciones solares.",,Fotovoltaico
Protección AC,"Concepto técnico utilizado en el diseño, análisis o operación de sistemas fotovoltaicos. Este parámetro influye en el rendimiento, seguridad o dimensionamiento de instalaciones solares.",,Fotovoltaico
Fusible fotovoltaico,"Concepto técnico utilizado en el diseño, análisis o operación de sistemas fotovoltaicos. Este parámetro influye en el rendimiento, seguridad o dimensionamiento de instalaciones solares.",,Fotovoltaico
Interruptor termomagnético,"Concepto técnico utilizado en el diseño, análisis o operación de sistemas fotovoltaicos. Este parámetro influye en el rendimiento, seguridad o dimensionamiento de instalaciones solares.",,Fotovoltaico
Aislador DC,"Concepto técnico utilizado en el diseño, análisis o operación de sistemas fotovoltaicos. Este parámetro influye en el rendimiento, seguridad o dimensionamiento de instalaciones solares.",,Fotovoltaico
Balance energético,"Concepto técnico utilizado en el diseño, análisis o operación de sistemas fotovoltaicos. Este parámetro influye en el rendimiento, seguridad o dimensionamiento de instalaciones solares.",,Fotovoltaico
Capacidad instalada,"Concepto técnico utilizado en el diseño, análisis o operación de sistemas fotovoltaicos. Este parámetro influye en el rendimiento, seguridad o dimensionamiento de instalaciones solares.",,Fotovoltaico
Dimensionamiento fotovoltaico,"Concepto técnico utilizado en el diseño, análisis o operación de sistemas fotovoltaicos. Este parámetro influye en el rendimiento, seguridad o dimensionamiento de instalaciones solares.",,Fotovoltaico
Orientación del panel,"Concepto técnico utilizado en el diseño, análisis o operación de sistemas fotovoltaicos. Este parámetro influye en el rendimiento, seguridad o dimensionamiento de instalaciones solares.",,Fotovoltaico
Ángulo de inclinación,"Concepto técnico utilizado en el diseño, análisis o operación de sistemas fotovoltaicos. Este parámetro influye en el rendimiento, seguridad o dimensionamiento de instalaciones solares.",,Fotovoltaico
Latitud solar,"Concepto técnico utilizado en el diseño, análisis o operación de sistemas fotovoltaicos. Este parámetro influye en el rendimiento, seguridad o dimensionamiento de instalaciones solares.",,Fotovoltaico
Seguimiento solar,"Concepto técnico utilizado en el diseño, análisis o operación de sistemas fotovoltaicos. Este parámetro influye en el rendimiento, seguridad o dimensionamiento de instalaciones solares.",,Fotovoltaico
Estructura de montaje,"Concepto técnico utilizado en el diseño, análisis o operación de sistemas fotovoltaicos. Este parámetro influye en el rendimiento, seguridad o dimensionamiento de instalaciones solares.",,Fotovoltaico
Sombras parciales,"Concepto técnico utilizado en el diseño, análisis o operación de sistemas fotovoltaicos. Este parámetro influye en el rendimiento, seguridad o dimensionamiento de instalaciones solares.",,Fotovoltaico
Curva I-V,"Concepto técnico utilizado en el diseño, análisis o operación de sistemas fotovoltaicos. Este parámetro influye en el rendimiento, seguridad o dimensionamiento de instalaciones solares.",,Fotovoltaico
Curva P-V,"Concepto técnico utilizado en el diseño, análisis o operación de sistemas fotovoltaicos. Este parámetro influye en el rendimiento, seguridad o dimensionamiento de instalaciones solares.",,Fotovoltaico
Condiciones STC,"Concepto técnico utilizado en el diseño, análisis o operación de sistemas fotovoltaicos. Este parámetro influye en el rendimiento, seguridad o dimensionamiento de instalaciones solares.",,Fotovoltaico
Condiciones NOCT,"Concepto técnico utilizado en el diseño, análisis o operación de sistemas fotovoltaicos. Este parámetro influye en el rendimiento, seguridad o dimensionamiento de instalaciones solares.",,Fotovoltaico
Potencia pico,"Concepto técnico utilizado en el diseño, análisis o operación de sistemas fotovoltaicos. Este parámetro influye en el rendimiento, seguridad o dimensionamiento de instalaciones solares.",,Fotovoltaico
Voc,"Concepto técnico utilizado en el diseño, análisis o operación de sistemas fotovoltaicos. Este parámetro influye en el rendimiento, seguridad o dimensionamiento de instalaciones solares.",,Fotovoltaico
Isc,"Concepto técnico utilizado en el diseño, análisis o operación de sistemas fotovoltaicos. Este parámetro influye en el rendimiento, seguridad o dimensionamiento de instalaciones solares.",,Fotovoltaico
Vmp,"Concepto técnico utilizado en el diseño, análisis o operación de sistemas fotovoltaicos. Este parámetro influye en el rendimiento, seguridad o dimensionamiento de instalaciones solares.",,Fotovoltaico
Imp,"Concepto técnico utilizado en el diseño, análisis o operación de sistemas fotovoltaicos. Este parámetro influye en el rendimiento, seguridad o dimensionamiento de instalaciones solares.",,Fotovoltaico
